brand,model,year,mileage_km,fuel_type,transmission,engine_cc,seats,owner_count,price,car_age
Toyota,Corolla,2023,11022.0,Petrol,Automatic,1656.0,5,4,971315.1,1
Mahindra,Thar,2018,84740.0,CNG,Automatic,1937.0,4,3,801033.25,6
Maruti,Brezza,2024,82282.0,CNG,Automatic,1163.0,5,3,366299.42,0
Mercedes,C Class,2022,47291.0,CNG,Automatic,1960.0,7,3,776649.63,2
Mercedes,GLC,2020,23731.0,Electric,Automatic,2472.0,5,1,1345190.63,4
KIA,Carnival,2023,8895.0,Electric,Manual,1129.0,5,2,944971.06,1
Toyota,Fortuner,2019,2337.0,Diesel,Automatic,1736.0,5,3,950308.18,5
Maruti,Brezza,2021,87083.0,CNG,Manual,2079.0,7,4,741435.03,3
Ford,Endeavour,2016,16899.0,Diesel,Automatic,1949.0,5,3,1186641.2,8
Toyota,Yaris,2024,172712.0,Petrol,Automatic,2047.0,5,3,625903.78,0
Hyundai,Elantra,2020,44658.0,CNG,Manual,1851.0,5,1,864014.32,4
Tata,Harrier,2022,117731.0,Petrol,Automatic,2060.0,5,2,732495.09,2
Mahindra,Thar,2018,121489.0,Electric,Manual,1935.0,5,3,898189.45,6
Mahindra,XUV700,2023,89594.0,CNG,Automatic,1025.0,5,4,829110.06,1
Mahindra,Bolero,2013,159143.0,Diesel,Manual,2177.0,4,2,936299.67,11
Mahindra,Bolero,2014,20636.0,Diesel,Manual,1659.0,7,1,1201442.81,10
Hyundai,Creta,2019,42738.0,CNG,Automatic,987.0,5,2,1014590.91,5
Honda,Civic,2021,46036.0,Diesel,Manual,1595.0,4,1,795589.36,3
KIA,Seltos,2022,25066.0,Diesel,Automatic,1639.0,4,3,1060963.77,2
Mercedes,C Class,2018,53623.0,Diesel,Automatic,1047.0,5,3,1024552.41,6
Hyundai,Venue,2020,56833.0,Diesel,Manual,2593.0,5,4,682867.03,4
BMW,5 Series,2019,137852.0,Electric,Manual,1278.0,4,4,637621.14,5
Honda,City,2024,54851.0,Petrol,Manual,1462.0,5,1,702047.61,0
Tata,Harrier,2020,157906.0,Electric,Manual,1649.0,5,1,768274.29,4
Mahindra,Bolero,2018,139263.0,Diesel,Manual,2315.0,5,2,861893.56,6
Maruti,Swift,2024,162374.0,CNG,Automatic,2162.0,5,1,610229.8,0
Mercedes,E Class,2014,19656.0,Petrol,Manual,2210.0,5,4,1278754.11,10
KIA,Sonet,2024,177234.0,Diesel,Automatic,1303.0,5,1,620425.73,0
Hyundai,Verna,2014,110822.0,Electric,Manual,2337.0,4,1,1058586.4,10
Mercedes,E Class,2016,176840.0,Diesel,Automatic,2310.0,4,4,927137.2,8
Mercedes,GLA,2022,64387.0,Electric,Automatic,1688.0,5,4,863678.82,2
Ford,Figo,2021,171577.0,CNG,Manual,1827.0,5,1,585195.81,3
Toyota,Fortuner,2024,106278.0,Petrol,Automatic,963.0,7,2,574669.16,0
Hyundai,Venue,2021,13670.0,Diesel,Manual,1736.0,7,3,1108845.56,3
KIA,Seltos,2020,74294.0,Diesel,Manual,2533.0,5,3,848240.49,4
Toyota,Corolla,2017,25492.0,CNG,Automatic,1703.0,5,4,1068605.41,7
KIA,Seltos,2013,169477.0,CNG,Automatic,1818.0,5,2,832008.71,11
KIA,Sonet,2014,55360.0,CNG,Manual,1748.0,5,1,1066016.82,10
Ford,Endeavour,2016,40647.0,Electric,Manual,1040.0,5,2,980238.14,8
Maruti,Vitara,2013,99879.0,Petrol,Manual,1953.0,5,3,814865.86,11
Honda,Amaze,2019,76988.0,Diesel,Manual,2126.0,5,3,787788.96,5
Mahindra,Thar,2022,18178.0,Petrol,Manual,2477.0,5,3,952235.75,2
Mahindra,Thar,2024,147115.0,Petrol,Manual,2480.0,5,4,667212.88,0
BMW,5 Series,2018,152366.0,Petrol,Automatic,1736.0,5,4,775637.93,6
Toyota,Yaris,2023,133938.0,CNG,Manual,2530.0,5,2,606807.6,1
Tata,Harrier,2024,111322.0,Electric,Automatic,1798.0,7,2,730601.5,0
Mercedes,E Class,2023,72938.0,Electric,Automatic,1991.0,4,3,1235186.37,1
KIA,Carnival,2018,97991.0,CNG,Automatic,1923.0,7,2,871305.43,6
Maruti,Vitara,2016,94162.0,Electric,Manual,2597.0,5,2,1063414.29,8
Mahindra,Thar,2024,30423.0,Petrol,Automatic,2153.0,4,1,998047.59,0
Mahindra,XUV700,2015,15460.0,Electric,Automatic,1104.0,5,2,1215227.89,9
Honda,Amaze,2017,46183.0,Electric,Manual,1022.0,4,3,802157.83,7
BMW,3 Series,2013,82216.0,Petrol,Automatic,1596.0,5,4,1014554.67,11
Mercedes,GLC,2022,29527.0,Diesel,Manual,1776.0,5,4,966479.52,2
Mercedes,GLA,2020,19914.0,Electric,Automatic,2036.0,5,2,1357875.14,4
Toyota,Corolla,2014,153466.0,Diesel,Manual,1718.0,5,1,860229.65,10
Hyundai,Elantra,2015,67999.0,Electric,Automatic,1774.0,4,1,1293706.63,9
Honda,Amaze,2019,105493.0,Electric,Manual,2466.0,5,2,950408.22,5
Mahindra,Scorpio,2019,94705.0,Diesel,Manual,1469.0,5,3,978792.12,5
Maruti,Baleno,2022,132535.0,Petrol,Manual,1738.0,4,4,544713.2,2
Tata,Nexon,2016,133374.0,Diesel,Manual,1847.0,5,4,907631.84,8
Mahindra,Bolero,2024,53849.0,Petrol,Manual,1696.0,5,1,824666.14,0
BMW,3 Series,2018,152745.0,Diesel,Manual,2545.0,5,3,806052.43,6
Tata,Nexon,2022,67328.0,Electric,Manual,1736.0,5,2,597329.84,2
Mercedes,GLA,2015,150468.0,Diesel,Automatic,1736.0,5,1,1250409.82,9
BMW,X1,2013,73350.0,Petrol,Automatic,1665.0,5,3,1183295.28,11
Tata,Altroz,2013,20690.0,Diesel,Automatic,1901.0,5,1,1107242.13,11
BMW,X5,2017,136994.0,CNG,Automatic,1207.0,5,2,970207.84,7
Toyota,Yaris,2024,6204.0,Petrol,Manual,1624.0,5,3,882045.1,0
Mercedes,C Class,2013,139205.0,Petrol,Manual,1268.0,5,2,1101122.47,11
Mahindra,Thar,2017,8534.0,Electric,Manual,1144.0,5,3,916253.85,7
Honda,Amaze,2014,37860.0,Petrol,Manual,1061.0,5,2,923324.59,10
Mercedes,GLA,2024,108922.0,Diesel,Manual,1898.0,5,4,733703.48,0
Honda,City,2021,169523.0,Petrol,Automatic,900.0,5,1,512727.16,3
Maruti,Brezza,2022,73999.0,Petrol,Automatic,1998.0,5,1,950121.25,2
Mercedes,GLA,2021,22421.0,Diesel,Automatic,1634.0,5,3,1061176.51,3
BMW,X1,2020,42537.0,CNG,Manual,1523.0,5,2,977765.21,4
Ford,EcoSport,2022,161385.0,Petrol,Automatic,2207.0,5,3,901271.47,2
Hyundai,Verna,2013,131031.0,Petrol,Manual,1815.0,5,1,902177.27,11
Maruti,Vitara,2023,18790.0,Petrol,Manual,2146.0,7,3,756304.23,1
Tata,Altroz,2021,69773.0,CNG,Manual,2106.0,5,4,636918.38,3
Mercedes,C Class,2021,84100.0,Electric,Automatic,1736.0,7,1,1210553.26,3
Honda,Jazz,2017,32667.0,Petrol,Manual,1266.0,5,2,862825.23,7
KIA,EV6,2022,152488.0,Diesel,Manual,1868.0,4,4,604475.06,2
Maruti,Swift,2017,111493.0,Diesel,Manual,2558.0,5,3,883149.63,7
Mahindra,Thar,2013,32964.0,Diesel,Manual,1162.0,5,1,1138652.34,11
Toyota,Fortuner,2023,117404.0,Petrol,Manual,1079.0,5,1,493992.26,1
BMW,X1,2015,74911.0,Electric,Manual,2499.0,5,4,891319.94,9
Mahindra,XUV700,2014,11816.0,CNG,Manual,2543.0,5,4,1125707.43,10
KIA,EV6,2020,81414.0,Diesel,Manual,1184.0,7,2,893748.35,4
Mercedes,GLC,2015,33993.0,Diesel,Manual,1582.0,4,2,1056224.97,9
KIA,EV6,2023,44750.0,Diesel,Manual,1965.0,5,4,827188.13,1
KIA,EV6,2018,158316.0,Electric,Automatic,1231.0,5,1,923927.5,6
BMW,X5,2013,128075.0,CNG,Manual,1454.0,4,1,980651.0,11
KIA,Seltos,2024,24829.0,Diesel,Automatic,1571.0,5,4,796469.09,0
Ford,Figo,2019,153359.0,Petrol,Automatic,1990.0,5,1,739718.38,5
Ford,Aspire,2016,103715.0,Electric,Manual,1423.0,4,4,847144.02,8
Maruti,Brezza,2021,157523.0,Electric,Manual,1600.0,5,2,656473.49,3
Maruti,Swift,2019,134675.0,Petrol,Manual,1392.0,5,4,632612.33,5
Honda,City,2013,61606.0,Electric,Manual,2191.0,5,1,988958.53,11
KIA,Carnival,2022,96648.0,CNG,Manual,1160.0,4,4,649975.18,2
Honda,Amaze,2017,95928.0,Petrol,Manual,1292.0,7,1,934632.13,7
KIA,Seltos,2021,129813.0,Electric,Manual,1324.0,5,1,888970.27,3
Toyota,Innova,2023,45314.0,Petrol,Manual,2439.0,5,3,825099.86,1
Mahindra,Scorpio,2020,60489.0,Petrol,Automatic,2505.0,5,3,974265.28,4
Mahindra,Bolero,2021,44667.0,Petrol,Manual,1750.0,5,4,761712.8,3
Mahindra,Scorpio,2016,53868.0,Diesel,Automatic,1165.0,5,1,1086632.73,8
Maruti,Brezza,2015,29696.0,CNG,Manual,2185.0,5,1,1029095.73,9
Mercedes,E Class,2017,7349.0,Diesel,Automatic,1736.0,5,3,1179539.23,7
Mahindra,XUV700,2023,169251.0,Petrol,Manual,2344.0,4,4,529185.84,1
Ford,Aspire,2019,14117.0,Petrol,Automatic,1511.0,7,2,960392.16,5
Mahindra,Bolero,2017,159927.0,Electric,Automatic,2598.0,5,4,926097.93,7
Hyundai,Verna,2022,1351.0,Electric,Manual,2271.0,5,4,971856.94,2
Mercedes,GLC,2023,140102.0,Electric,Automatic,1280.0,5,4,876893.7,1
Hyundai,Elantra,2023,59650.0,Petrol,Manual,2133.0,7,3,877000.94,1
Hyundai,Elantra,2016,93564.0,Electric,Manual,1387.0,4,3,1013878.29,8
Toyota,Corolla,2021,51373.0,CNG,Automatic,1494.0,4,3,918818.95,3
Honda,Civic,2020,88716.0,CNG,Automatic,1325.0,7,3,821813.49,4
Ford,EcoSport,2018,81719.0,Petrol,Manual,2059.0,7,3,732069.28,6
Honda,Amaze,2017,95730.0,Electric,Automatic,1346.0,5,3,848397.9,7
Mercedes,C Class,2014,71276.0,Electric,Automatic,1985.0,5,2,1171058.77,10
Maruti,Vitara,2016,96952.0,Petrol,Automatic,1890.0,5,3,804830.62,8
Maruti,Vitara,2019,148722.0,Petrol,Manual,1736.0,5,4,496530.99,5
Mercedes,C Class,2023,78673.0,Diesel,Automatic,2588.0,5,4,925976.34,1
KIA,EV6,2023,65558.0,Petrol,Manual,914.0,5,3,709559.44,1
Hyundai,Creta,2015,24410.0,Diesel,Automatic,2583.0,5,1,1181660.7,9
Toyota,Corolla,2021,65261.0,Diesel,Automatic,1085.0,5,3,819784.15,3
Mahindra,Scorpio,2014,23318.0,Electric,Automatic,1795.0,4,2,1339813.18,10
Hyundai,Venue,2021,33504.0,Petrol,Automatic,1479.0,4,1,1044969.22,3
Maruti,Brezza,2017,171443.0,CNG,Automatic,1986.0,5,1,916095.42,7
Hyundai,Verna,2018,16823.0,Electric,Manual,2126.0,5,3,1091994.34,6
Hyundai,Venue,2021,87179.0,Electric,Manual,2361.0,5,4,847826.88,3
Toyota,Yaris,2018,150306.0,Electric,Automatic,1583.0,4,3,826886.16,6
Hyundai,Elantra,2022,171614.0,Petrol,Manual,2485.0,7,2,723854.08,2
Mahindra,Scorpio,2019,27091.0,Electric,Automatic,1448.0,5,1,1192049.06,5
BMW,X1,2024,30112.0,Electric,Manual,1246.0,5,3,1153232.42,0
Maruti,Brezza,2020,67569.0,Diesel,Automatic,1544.0,4,1,831216.96,4
Toyota,Fortuner,2016,100151.0,Diesel,Manual,1798.0,5,4,876932.35,8
BMW,X1,2022,172797.0,CNG,Manual,2035.0,5,4,617587.95,2
Mercedes,GLC,2017,38022.0,Diesel,Manual,2315.0,5,4,910486.6,7
Tata,Safari,2019,30259.0,Diesel,Manual,1282.0,5,2,932406.69,5
Ford,Endeavour,2014,46170.0,Electric,Manual,1415.0,4,1,1180805.12,10
Ford,Aspire,2014,157478.0,Electric,Manual,2495.0,5,2,813618.72,10
Mercedes,E Class,2019,6185.0,Diesel,Automatic,1647.0,5,4,1115647.95,5
Tata,Safari,2015,68919.0,Electric,Automatic,1310.0,5,1,876713.92,9
KIA,Sonet,2024,22116.0,Diesel,Automatic,2575.0,5,4,865523.62,0
Toyota,Corolla,2023,28947.0,Electric,Automatic,1663.0,5,1,1123683.06,1
Ford,Figo,2021,165099.0,CNG,Automatic,2574.0,5,1,673414.31,3
KIA,Sonet,2021,1097.0,Diesel,Manual,2462.0,5,1,1069643.13,3
Toyota,Innova,2020,58418.0,Petrol,Manual,2440.0,5,4,828699.03,4
KIA,EV6,2013,164844.0,CNG,Automatic,1889.0,5,3,765158.68,11
Ford,EcoSport,2017,109776.0,Diesel,Manual,2257.0,5,2,817164.25,7
Tata,Nexon,2018,13658.0,Petrol,Manual,2532.0,5,3,981214.94,6
Ford,Endeavour,2023,84130.0,Petrol,Automatic,1357.0,5,3,658645.0,1
Mercedes,GLA,2015,174793.0,Electric,Manual,1736.0,7,3,770909.73,9
Maruti,Baleno,2018,72560.0,Petrol,Automatic,1445.0,5,3,842734.2,6
Honda,Amaze,2017,95530.0,Electric,Automatic,1982.0,7,1,1122302.88,7
Hyundai,Venue,2014,96113.0,Electric,Automatic,1830.0,5,2,1216081.03,10
Hyundai,Creta,2014,119152.0,Petrol,Automatic,1036.0,4,3,844650.85,10
Mahindra,Bolero,2017,34353.0,CNG,Automatic,1853.0,5,1,1127443.53,7
Tata,Nexon,2013,151271.0,CNG,Manual,1196.0,5,2,572919.39,11
Maruti,Brezza,2013,177957.0,Diesel,Automatic,1759.0,7,1,1010781.24,11
Mercedes,GLC,2017,26345.0,Electric,Manual,1878.0,5,4,841829.61,7
Mercedes,GLC,2015,147440.0,Diesel,Manual,1982.0,4,1,1097181.09,9
Mercedes,E Class,2019,147190.0,Diesel,Manual,1601.0,5,1,826029.25,5
KIA,EV6,2013,133697.0,Diesel,Manual,1594.0,4,3,1058207.58,11
BMW,X1,2016,67261.0,Electric,Automatic,2053.0,5,1,1291064.07,8
Honda,Civic,2018,84801.0,CNG,Manual,2173.0,5,2,685431.71,6
BMW,3 Series,2024,151186.0,Diesel,Automatic,2273.0,5,2,822878.74,0
Toyota,Fortuner,2020,28195.0,Electric,Automatic,1467.0,5,1,1144240.31,4
Honda,Amaze,2023,149311.0,Electric,Automatic,1620.0,5,4,800078.2,1
Toyota,Yaris,2017,165783.0,Electric,Automatic,1462.0,5,3,803636.2,7
Mahindra,Scorpio,2018,122990.0,CNG,Manual,1796.0,5,1,786417.25,6
Mahindra,Bolero,2018,61976.0,Diesel,Manual,1116.0,5,3,958074.97,6
Maruti,Vitara,2023,100999.0,Electric,Automatic,1631.0,5,3,789768.66,1
Mercedes,GLC,2024,84100.0,Diesel,Automatic,1220.0,4,3,915082.36,0
Mahindra,XUV700,2024,167779.0,Diesel,Automatic,1736.0,5,3,636105.14,0
Honda,City,2022,62158.0,Diesel,Manual,2345.0,5,4,811251.39,2
Tata,Harrier,2019,11032.0,Electric,Manual,2575.0,5,2,1128160.82,5
Hyundai,Elantra,2019,143166.0,CNG,Manual,1658.0,5,2,830929.62,5
Tata,Safari,2024,118634.0,Diesel,Manual,995.0,5,3,633341.45,0
Honda,Amaze,2016,112389.0,Diesel,Manual,1287.0,5,4,775340.97,8
Mercedes,C Class,2017,10494.0,Diesel,Automatic,1078.0,5,3,1215794.05,7
Maruti,Swift,2023,84100.0,CNG,Manual,2190.0,5,1,521812.42,1
Mercedes,E Class,2017,115007.0,Diesel,Automatic,2573.0,5,2,1063711.61,7
Mercedes,GLA,2015,143019.0,Electric,Automatic,1841.0,4,3,808649.04,9
Honda,City,2019,149057.0,Diesel,Automatic,1200.0,5,1,697310.57,5
BMW,X1,2016,84100.0,Diesel,Manual,935.0,5,4,1022636.81,8
Ford,Aspire,2023,38546.0,Electric,Manual,2559.0,5,4,893058.4,1
BMW,3 Series,2023,166341.0,Diesel,Automatic,1437.0,5,4,806509.92,1
Maruti,Swift,2016,95959.0,Petrol,Manual,1090.0,7,1,842373.86,8
Maruti,Baleno,2019,79287.0,Diesel,Automatic,1200.0,5,3,837121.38,5
Maruti,Brezza,2024,52266.0,CNG,Automatic,1333.0,5,3,726331.7,0
BMW,X5,2021,115311.0,Petrol,Manual,2014.0,5,3,825368.72,3
Tata,Harrier,2015,135909.0,Diesel,Automatic,2416.0,5,4,854404.03,9
Toyota,Fortuner,2020,1213.0,Petrol,Manual,1367.0,4,2,856648.6,4
BMW,X5,2020,99832.0,CNG,Manual,2068.0,5,3,836315.93,4
Honda,Civic,2020,178811.0,CNG,Automatic,1010.0,4,3,612847.79,4
BMW,5 Series,2013,51090.0,Electric,Automatic,917.0,4,4,1093201.67,11
Tata,Harrier,2016,51136.0,Diesel,Manual,993.0,5,4,798235.09,8
BMW,3 Series,2023,158160.0,Electric,Automatic,2469.0,7,2,879982.77,1
Tata,Harrier,2015,11921.0,Electric,Automatic,1888.0,5,4,933996.6,9
Mercedes,GLA,2016,72035.0,Electric,Automatic,2268.0,5,1,1139833.36,8
Maruti,Vitara,2016,82920.0,CNG,Manual,936.0,5,2,812143.74,8
Mercedes,GLA,2015,143779.0,Electric,Manual,937.0,5,3,1002644.47,9
Ford,Endeavour,2014,23922.0,Electric,Automatic,2342.0,5,1,1286119.45,10
Mahindra,Bolero,2017,78583.0,CNG,Automatic,1074.0,5,2,1063118.24,7
Tata,Nexon,2023,28096.0,Diesel,Automatic,1736.0,5,3,816415.09,1
Ford,Figo,2013,141944.0,CNG,Manual,1782.0,5,3,980369.42,11
Mahindra,Thar,2016,114105.0,Electric,Manual,1931.0,5,1,976338.35,8
Ford,EcoSport,2013,89815.0,Electric,Automatic,1289.0,7,2,1067195.4,11
Mahindra,Thar,2019,71212.0,Electric,Manual,1655.0,4,1,969043.39,5
Mahindra,Bolero,2016,28248.0,Electric,Manual,2047.0,5,3,1041247.9,8
Mercedes,E Class,2022,165995.0,CNG,Manual,1652.0,5,2,815274.34,2
Mahindra,Thar,2020,116860.0,Petrol,Automatic,1550.0,5,3,818649.52,4
Ford,Endeavour,2022,57992.0,CNG,Manual,1022.0,5,3,814729.19,2
Toyota,Innova,2020,74977.0,Electric,Manual,1668.0,5,4,837304.84,4
Toyota,Innova,2018,130931.0,Petrol,Manual,2264.0,5,1,833187.88,6
Mercedes,GLA,2023,129745.0,CNG,Automatic,1965.0,5,4,652724.21,1
Tata,Safari,2018,83429.0,Electric,Manual,2418.0,7,1,970482.72,6
Honda,City,2024,55079.0,Electric,Automatic,1114.0,4,1,922065.35,0
Mercedes,GLA,2024,119063.0,Diesel,Manual,918.0,4,1,753435.02,0
Mahindra,Scorpio,2020,118755.0,Petrol,Automatic,1831.0,5,1,841063.3,4
Ford,Aspire,2021,108265.0,Electric,Automatic,1203.0,4,4,1032746.7,3
Mahindra,Bolero,2016,13855.0,Electric,Automatic,1909.0,5,1,1232343.05,8
BMW,3 Series,2022,85522.0,CNG,Automatic,2436.0,7,3,761911.71,2
KIA,Carnival,2021,110814.0,Electric,Automatic,1473.0,5,2,869709.87,3
Hyundai,Elantra,2023,171050.0,Petrol,Manual,1834.0,5,1,678338.89,1
Hyundai,Elantra,2016,94980.0,CNG,Automatic,2058.0,5,2,977426.03,8
Honda,City,2022,62214.0,Petrol,Automatic,1155.0,5,1,929471.49,2
Mercedes,C Class,2018,100398.0,Electric,Automatic,2425.0,5,2,1188553.91,6
KIA,Seltos,2015,32560.0,CNG,Manual,1244.0,5,3,840774.57,9
Toyota,Fortuner,2015,17052.0,Electric,Automatic,2274.0,5,3,1189016.04,9
Mahindra,Scorpio,2019,122314.0,CNG,Manual,2021.0,4,2,664144.45,5
Mercedes,GLC,2016,177524.0,Petrol,Automatic,1139.0,5,4,748333.93,8
Mahindra,Thar,2014,152404.0,Petrol,Automatic,2132.0,5,3,822338.99,10
Maruti,Vitara,2018,105392.0,Diesel,Manual,1234.0,5,2,636209.4,6
Mercedes,C Class,2020,8013.0,CNG,Automatic,1919.0,5,2,1170900.45,4
BMW,3 Series,2016,177844.0,Petrol,Automatic,2531.0,5,1,1047060.85,8
Maruti,Vitara,2024,81374.0,Electric,Manual,2520.0,4,4,817026.68,0
Honda,Civic,2022,52707.0,Petrol,Manual,2381.0,5,4,782620.58,2
Hyundai,Verna,2019,160733.0,Diesel,Manual,1739.0,4,2,833238.29,5
Toyota,Yaris,2024,134555.0,Petrol,Automatic,1851.0,5,3,523089.95,0
Maruti,Swift,2018,135131.0,Diesel,Automatic,1410.0,5,3,821992.08,6
Maruti,Swift,2014,84100.0,Diesel,Automatic,1736.0,5,3,1042484.38,10
Toyota,Innova,2013,178531.0,Petrol,Automatic,1711.0,4,1,919189.06,11
Mahindra,Scorpio,2024,81953.0,CNG,Automatic,2211.0,5,4,780291.7,0
Mercedes,C Class,2024,96029.0,Electric,Manual,1511.0,5,4,738417.84,0
Mahindra,Thar,2021,135371.0,Electric,Manual,2158.0,4,4,641198.62,3
Toyota,Corolla,2014,119071.0,Diesel,Manual,1281.0,4,4,709042.33,10
Honda,Jazz,2016,31673.0,Electric,Manual,2147.0,4,4,1042916.16,8
Mercedes,GLC,2013,55004.0,Electric,Automatic,978.0,5,3,1246891.03,11
Honda,Jazz,2013,65524.0,Electric,Manual,1078.0,5,1,908232.0,11
BMW,3 Series,2015,170598.0,Diesel,Manual,1498.0,5,2,786014.66,9
Maruti,Baleno,2019,128839.0,Electric,Manual,1719.0,5,1,729543.59,5
Honda,Jazz,2013,66447.0,CNG,Manual,2109.0,5,1,899232.94,11
Maruti,Swift,2024,132462.0,Petrol,Manual,1510.0,5,4,379033.83,0
Honda,City,2018,133141.0,Diesel,Manual,931.0,5,4,528566.54,6
Honda,Amaze,2016,71444.0,CNG,Automatic,1453.0,7,3,768350.62,8
Hyundai,Elantra,2019,84100.0,Petrol,Manual,1646.0,5,3,858817.25,5
Mahindra,Thar,2022,161057.0,Diesel,Manual,1824.0,5,1,642163.91,2
Honda,Jazz,2016,84100.0,Electric,Manual,1994.0,4,1,952589.08,8
Ford,EcoSport,2013,27593.0,Petrol,Automatic,1321.0,5,4,1103257.35,11
Tata,Safari,2013,129785.0,Diesel,Automatic,1937.0,5,2,790761.82,11
Tata,Safari,2023,106450.0,Petrol,Automatic,1973.0,5,3,688324.88,1
Hyundai,Verna,2014,92000.0,CNG,Automatic,2220.0,5,2,1070728.11,10
Mercedes,GLC,2020,130738.0,Petrol,Automatic,1787.0,5,1,919312.44,4
BMW,X5,2017,163349.0,Electric,Automatic,2277.0,5,4,902576.53,7
Maruti,Baleno,2022,60014.0,Petrol,Manual,1736.0,5,4,759869.42,2
Hyundai,Creta,2013,75938.0,Electric,Automatic,2109.0,5,3,1111748.41,11
Ford,Figo,2023,34757.0,Electric,Manual,977.0,5,2,965576.95,1
Toyota,Innova,2021,116755.0,Electric,Manual,1074.0,5,3,763517.89,3
Honda,City,2018,72966.0,Electric,Automatic,2370.0,5,4,943155.18,6
Tata,Nexon,2015,62151.0,Petrol,Manual,1707.0,5,3,879185.35,9
Mercedes,GLA,2024,125616.0,Electric,Manual,1955.0,5,2,897256.66,0
Mercedes,GLA,2016,73941.0,CNG,Automatic,1925.0,4,2,1120660.65,8
Mercedes,GLA,2018,84014.0,Electric,Manual,2081.0,5,3,973878.7,6
Mahindra,Bolero,2017,79656.0,Electric,Manual,1317.0,5,2,975762.75,7
Toyota,Corolla,2015,47130.0,CNG,Automatic,1203.0,4,3,884794.59,9
Toyota,Corolla,2017,23344.0,Diesel,Automatic,972.0,5,1,1122814.13,7
Ford,EcoSport,2014,149040.0,Petrol,Manual,2370.0,5,1,761811.87,10
Mercedes,GLC,2013,17236.0,Petrol,Automatic,1280.0,5,4,1245903.13,11
Maruti,Baleno,2016,59018.0,Diesel,Automatic,1877.0,5,2,1019972.19,8
Mercedes,C Class,2014,120414.0,Electric,Manual,1673.0,4,2,923746.54,10
Mercedes,GLC,2017,24328.0,CNG,Manual,1176.0,4,3,1052633.25,7
Tata,Altroz,2023,118268.0,Diesel,Manual,1603.0,5,2,851350.98,1
Honda,City,2014,132165.0,Petrol,Manual,1041.0,7,4,796523.06,10
Hyundai,Creta,2013,119593.0,CNG,Manual,1200.0,4,1,974161.23,11
Hyundai,Creta,2014,55461.0,CNG,Manual,1137.0,5,4,842388.62,10
Mercedes,E Class,2019,4342.0,Electric,Manual,2301.0,4,1,1081203.96,5
KIA,Seltos,2016,159813.0,CNG,Manual,1864.0,5,2,554885.76,8
Ford,Aspire,2018,59317.0,CNG,Manual,2473.0,5,3,827201.78,6
Tata,Altroz,2013,145057.0,Electric,Manual,1641.0,5,4,710874.31,11
BMW,X5,2016,36247.0,Diesel,Manual,1242.0,4,1,1036753.53,8
Hyundai,Verna,2017,29903.0,Electric,Manual,1934.0,5,3,1054897.4,7
Hyundai,Verna,2018,140244.0,Diesel,Automatic,2480.0,7,1,1029363.48,6
KIA,Carnival,2019,169199.0,Petrol,Manual,1805.0,5,1,625968.62,5
Mercedes,C Class,2022,155024.0,Diesel,Automatic,930.0,5,4,714707.81,2
Ford,EcoSport,2018,135423.0,Petrol,Automatic,1416.0,4,3,900006.96,6
Toyota,Corolla,2023,45005.0,Petrol,Automatic,2472.0,5,2,833175.05,1
BMW,3 Series,2019,164447.0,Electric,Automatic,1781.0,5,3,1002228.91,5
KIA,Seltos,2016,120478.0,Electric,Manual,2518.0,5,2,939003.83,8
Toyota,Innova,2015,31651.0,Petrol,Automatic,1765.0,5,2,1108224.64,9
KIA,EV6,2016,23981.0,Electric,Manual,920.0,5,2,1167193.68,8
Hyundai,Venue,2020,156912.0,Petrol,Manual,2384.0,5,2,824393.76,4
Honda,Amaze,2015,50107.0,Diesel,Manual,2197.0,5,4,1011466.76,9
BMW,5 Series,2023,138047.0,CNG,Manual,2115.0,5,2,614196.98,1
Hyundai,Creta,2018,25646.0,Diesel,Manual,2549.0,5,2,1169261.57,6
BMW,5 Series,2023,51072.0,CNG,Manual,1233.0,5,3,714143.02,1
Honda,City,2021,51606.0,Electric,Automatic,2440.0,7,4,985667.96,3
Maruti,Vitara,2017,51173.0,Petrol,Automatic,1295.0,5,2,935355.76,7
Maruti,Swift,2015,121712.0,Petrol,Manual,2550.0,7,4,783829.43,9
Honda,Civic,2021,164658.0,Electric,Automatic,1225.0,5,2,792316.7,3
Ford,Endeavour,2016,163930.0,CNG,Manual,1835.0,5,3,540908.1,8
Ford,Aspire,2015,133685.0,CNG,Manual,2241.0,5,4,555133.93,9
Maruti,Baleno,2024,37092.0,Diesel,Automatic,1032.0,4,2,905505.78,0
Mahindra,Bolero,2018,172935.0,Diesel,Automatic,1013.0,5,1,851157.11,6
Mahindra,Thar,2013,97940.0,CNG,Manual,2344.0,5,3,981071.92,11
Tata,Harrier,2018,98637.0,CNG,Manual,1002.0,4,1,668537.44,6
Mahindra,Bolero,2018,126489.0,Petrol,Manual,1943.0,7,2,697720.01,6
BMW,X5,2023,138621.0,CNG,Manual,2494.0,4,4,754603.87,1
Honda,Amaze,2021,171563.0,CNG,Manual,1945.0,5,2,520828.25,3
Maruti,Baleno,2015,105162.0,Petrol,Automatic,1717.0,5,3,869923.71,9
Tata,Nexon,2014,110122.0,Diesel,Automatic,1609.0,4,3,814004.05,10
Tata,Nexon,2020,134398.0,Electric,Manual,1984.0,7,1,929190.75,4
Ford,Endeavour,2013,46515.0,CNG,Automatic,1872.0,5,2,920342.17,11
Ford,Aspire,2016,55942.0,Petrol,Manual,1753.0,4,3,851350.72,8
Toyota,Fortuner,2014,112885.0,Petrol,Manual,1161.0,5,1,862332.38,10
Honda,Civic,2013,12291.0,CNG,Manual,2026.0,5,2,891009.79,11
Hyundai,Verna,2024,58232.0,Diesel,Automatic,2157.0,5,2,990564.16,0
Hyundai,Verna,2014,129464.0,Electric,Automatic,2105.0,5,4,1134811.74,10
BMW,X1,2013,175722.0,CNG,Automatic,1027.0,5,1,841043.81,11
BMW,5 Series,2024,93893.0,Electric,Manual,2094.0,5,4,898725.45,0
KIA,Carnival,2015,72421.0,Petrol,Automatic,2140.0,5,2,818893.02,9
Mercedes,E Class,2022,79715.0,Diesel,Manual,1211.0,5,3,857614.37,2
KIA,EV6,2013,123628.0,Electric,Manual,2343.0,7,3,878160.79,11
Tata,Nexon,2014,98369.0,CNG,Automatic,1790.0,5,2,759721.02,10
BMW,3 Series,2014,4962.0,Petrol,Manual,1703.0,5,4,1199063.94,10
Ford,Figo,2021,97431.0,Diesel,Manual,2128.0,5,1,888302.27,3
Tata,Altroz,2020,72491.0,Diesel,Automatic,1766.0,5,1,894673.23,4
Maruti,Brezza,2018,126383.0,Petrol,Automatic,1826.0,7,4,683993.24,6
Ford,Figo,2015,157619.0,Electric,Manual,1430.0,5,3,526422.37,9
Maruti,Vitara,2014,173270.0,CNG,Manual,2477.0,5,4,484470.22,10
Hyundai,Venue,2019,110152.0,Electric,Automatic,2548.0,5,2,1115364.81,5
Tata,Nexon,2015,65771.0,Petrol,Automatic,1121.0,5,1,757371.64,9
Ford,EcoSport,2020,80354.0,Diesel,Automatic,2146.0,5,1,898424.42,4
Tata,Safari,2021,32421.0,Petrol,Automatic,939.0,4,2,818312.39,3
Tata,Nexon,2023,168519.0,Electric,Manual,1527.0,5,1,797576.77,1
Honda,Jazz,2018,152638.0,Diesel,Manual,2548.0,5,4,779565.94,6
Honda,Civic,2013,153834.0,Electric,Automatic,1197.0,5,1,908788.45,11
Hyundai,Creta,2016,59599.0,Petrol,Manual,1540.0,5,4,1005828.03,8
Toyota,Fortuner,2023,58541.0,Petrol,Automatic,1273.0,5,1,807994.78,1
Ford,Aspire,2019,154305.0,CNG,Manual,2137.0,5,1,757604.98,5
Mercedes,E Class,2020,98383.0,CNG,Automatic,1688.0,5,2,777451.65,4
Tata,Safari,2018,127074.0,Electric,Automatic,1908.0,5,1,1002800.0,6
Tata,Altroz,2014,88576.0,Electric,Manual,2502.0,5,2,928621.17,10
Honda,Civic,2023,80144.0,Electric,Manual,1785.0,5,2,736350.42,1
KIA,Carnival,2022,114090.0,CNG,Automatic,2148.0,4,3,736235.07,2
Toyota,Yaris,2024,146486.0,Diesel,Manual,1066.0,5,3,591916.18,0
Mahindra,XUV700,2023,60672.0,Diesel,Automatic,1265.0,5,1,915838.04,1
KIA,Seltos,2016,145798.0,Petrol,Manual,2509.0,5,1,1021414.42,8
KIA,Sonet,2016,44561.0,Diesel,Automatic,2361.0,5,1,1123175.75,8
Ford,Endeavour,2015,72986.0,Diesel,Manual,2016.0,4,1,1039338.72,9
KIA,Seltos,2024,164350.0,Petrol,Automatic,1542.0,5,1,780779.99,0
Honda,Jazz,2019,171838.0,Petrol,Manual,1239.0,5,2,620353.53,5
Hyundai,Verna,2018,166358.0,CNG,Manual,2347.0,5,3,704916.19,6
Mercedes,GLA,2024,57435.0,Diesel,Automatic,2235.0,5,2,1050180.67,0
BMW,5 Series,2020,151923.0,Electric,Manual,1310.0,5,2,907111.44,4
Toyota,Yaris,2023,168546.0,Diesel,Manual,1902.0,5,2,811789.12,1
Mahindra,Scorpio,2024,176094.0,Electric,Manual,1951.0,5,3,756883.64,0
BMW,5 Series,2013,4545.0,CNG,Automatic,1711.0,5,2,1283763.1,11
Maruti,Baleno,2017,134302.0,Petrol,Manual,2475.0,5,1,1060347.5,7
Mercedes,E Class,2021,179416.0,Petrol,Manual,1110.0,5,2,745537.46,3
BMW,5 Series,2022,137828.0,CNG,Automatic,1338.0,5,1,852117.52,2
KIA,Seltos,2014,42584.0,CNG,Automatic,1061.0,5,2,1067065.16,10
Toyota,Innova,2016,137456.0,Diesel,Automatic,2077.0,4,4,737007.26,8
Mahindra,Scorpio,2019,19659.0,CNG,Automatic,1994.0,4,2,966332.65,5
Mahindra,Bolero,2022,86924.0,Electric,Automatic,2578.0,5,1,1007771.57,2
BMW,5 Series,2014,84100.0,Diesel,Automatic,1821.0,5,3,1117006.06,10
Ford,Aspire,2020,82596.0,Petrol,Manual,1156.0,7,1,783231.49,4
Toyota,Corolla,2016,126210.0,Diesel,Automatic,1666.0,5,1,942892.11,8
Tata,Altroz,2015,43848.0,Electric,Automatic,1050.0,5,1,1160694.52,9
Tata,Altroz,2019,109434.0,Electric,Automatic,2040.0,4,4,899902.37,5
Ford,Aspire,2017,116351.0,Electric,Automatic,2046.0,5,4,881543.31,7
Toyota,Corolla,2020,114376.0,Electric,Automatic,2358.0,5,3,837513.64,4
Honda,Amaze,2016,52646.0,Petrol,Manual,1477.0,5,3,974646.93,8
Toyota,Corolla,2022,55524.0,Diesel,Automatic,1427.0,5,3,936192.01,2
KIA,Sonet,2013,46999.0,Petrol,Automatic,1021.0,5,3,906993.69,11
KIA,Seltos,2023,83550.0,Petrol,Manual,1605.0,4,3,729701.15,1
Honda,Jazz,2013,105804.0,Electric,Automatic,1708.0,5,4,983389.19,11
Mahindra,XUV700,2021,65766.0,Electric,Manual,2182.0,7,3,1007725.87,3
Honda,Amaze,2017,74268.0,Petrol,Automatic,2181.0,5,1,1086181.73,7
BMW,3 Series,2017,52124.0,CNG,Automatic,1138.0,4,2,1032318.34,7
Hyundai,Venue,2013,40019.0,CNG,Manual,1384.0,7,4,946758.08,11
Mahindra,Bolero,2021,118612.0,Petrol,Manual,1769.0,5,2,780565.71,3
KIA,Carnival,2014,147037.0,Electric,Automatic,1469.0,5,1,967481.75,10
Toyota,Corolla,2020,52894.0,Electric,Manual,943.0,5,4,792142.0,4
Honda,Civic,2021,155014.0,CNG,Automatic,2337.0,5,3,652219.01,3
Ford,Endeavour,2023,103119.0,CNG,Manual,2143.0,5,3,614129.67,1
BMW,X1,2021,30851.0,Diesel,Automatic,1784.0,5,2,943886.64,3
Tata,Safari,2016,66387.0,Electric,Automatic,1439.0,4,1,989874.9,8
Mahindra,Bolero,2021,2145.0,Diesel,Automatic,2332.0,5,2,1130457.51,3
BMW,X1,2022,7819.0,Electric,Manual,959.0,7,2,1036347.5,2
Tata,Safari,2016,61034.0,Petrol,Automatic,1658.0,5,4,840114.66,8
Mercedes,C Class,2014,82239.0,Petrol,Manual,2261.0,5,2,1107244.02,10
Hyundai,Elantra,2023,143713.0,Electric,Manual,2520.0,4,1,752810.45,1
Mercedes,GLC,2014,24866.0,Diesel,Manual,1327.0,7,2,998702.4,10
Honda,Amaze,2020,151179.0,Diesel,Automatic,2006.0,7,4,695872.52,4
Tata,Altroz,2015,42826.0,Electric,Automatic,1222.0,5,2,1107893.5,9
Toyota,Corolla,2014,25588.0,Petrol,Manual,1097.0,5,2,1123156.37,10
Honda,Civic,2022,126220.0,CNG,Manual,1500.0,5,3,628695.54,2
Ford,Endeavour,2014,139560.0,Diesel,Automatic,2404.0,5,3,780868.26,10
Ford,EcoSport,2021,109200.0,Petrol,Manual,2072.0,4,2,727486.95,3
Honda,Civic,2021,21534.0,Electric,Manual,1731.0,4,4,920540.89,3
Toyota,Corolla,2013,21469.0,Petrol,Automatic,1380.0,5,3,1073239.0,11
Maruti,Vitara,2015,70699.0,Petrol,Manual,1140.0,5,1,907979.21,9
Tata,Harrier,2022,81547.0,CNG,Automatic,1360.0,4,2,613480.99,2
Honda,Civic,2019,179750.0,Electric,Automatic,1159.0,5,4,703039.88,5
Ford,EcoSport,2014,52136.0,Petrol,Manual,1218.0,5,2,967974.25,10
Hyundai,Creta,2024,35312.0,CNG,Manual,2068.0,5,3,851488.79,0
Tata,Nexon,2016,170305.0,CNG,Automatic,1125.0,5,3,523811.37,8
Maruti,Swift,2013,28390.0,Electric,Automatic,980.0,5,3,1021733.88,11
Mahindra,Thar,2024,5531.0,Petrol,Automatic,1821.0,5,4,693855.61,0
Hyundai,Elantra,2013,76565.0,Electric,Manual,1387.0,5,1,1032536.42,11
Mercedes,GLC,2019,72673.0,Electric,Automatic,1673.0,7,3,881006.26,5
Honda,City,2024,111844.0,Electric,Automatic,1137.0,5,3,671453.19,0
KIA,Seltos,2019,158090.0,Diesel,Manual,1256.0,7,1,791423.09,5
KIA,Sonet,2020,167975.0,Electric,Automatic,1649.0,7,3,817304.91,4
Toyota,Corolla,2017,52703.0,CNG,Automatic,2073.0,5,1,758820.35,7
Mahindra,XUV700,2014,176563.0,Petrol,Manual,1604.0,5,2,806802.32,10
Toyota,Fortuner,2019,114172.0,Electric,Manual,1820.0,5,2,758041.23,5
Mahindra,Scorpio,2023,13279.0,Electric,Automatic,1787.0,5,1,1168094.81,1
KIA,Carnival,2014,168969.0,Diesel,Manual,1357.0,5,4,632124.19,10
Honda,Civic,2023,25529.0,CNG,Manual,1375.0,4,1,787373.39,1
Mercedes,C Class,2017,106276.0,Diesel,Manual,1623.0,7,2,935483.5,7
Honda,Amaze,2019,142500.0,CNG,Automatic,1736.0,5,4,625249.17,5
Hyundai,Elantra,2014,45499.0,Electric,Manual,2065.0,5,4,1069899.55,10
Tata,Nexon,2020,49297.0,Electric,Automatic,1944.0,5,1,989220.62,4
Toyota,Fortuner,2015,86130.0,Petrol,Automatic,1420.0,4,2,803801.49,9
BMW,X5,2016,159364.0,Electric,Automatic,1535.0,5,3,840621.08,8
Tata,Altroz,2021,40869.0,Diesel,Automatic,1458.0,5,4,775075.98,3
BMW,X5,2013,119690.0,CNG,Manual,2007.0,5,4,854197.81,11
Honda,Civic,2018,81904.0,Electric,Manual,2191.0,5,3,848335.48,6
Mercedes,E Class,2020,20842.0,Diesel,Manual,1084.0,5,1,1122373.47,4
Hyundai,Verna,2014,128189.0,Diesel,Automatic,1602.0,5,4,889239.92,10
Maruti,Swift,2016,149989.0,Diesel,Automatic,923.0,5,1,709933.65,8
BMW,3 Series,2017,103953.0,Electric,Manual,1668.0,7,1,1027595.93,7
Tata,Altroz,2020,32403.0,Diesel,Automatic,1322.0,5,3,908711.99,4
Hyundai,Verna,2024,28706.0,Diesel,Automatic,1470.0,5,3,970418.82,0
Ford,EcoSport,2023,76690.0,Diesel,Manual,1676.0,5,1,983192.12,1
Tata,Altroz,2015,91550.0,Petrol,Manual,1450.0,5,1,778758.16,9
Tata,Harrier,2013,99751.0,Diesel,Manual,1569.0,5,3,820130.12,11
Mercedes,GLA,2013,44463.0,Petrol,Manual,2200.0,5,2,1184317.76,11
Toyota,Yaris,2020,90537.0,Petrol,Manual,2277.0,7,3,774160.33,4
Hyundai,Creta,2014,53678.0,CNG,Automatic,909.0,5,2,930318.97,10
Hyundai,Elantra,2015,123760.0,Petrol,Automatic,1542.0,5,3,766608.85,9
Honda,Civic,2023,143528.0,CNG,Automatic,2339.0,4,2,624319.49,1
Maruti,Vitara,2023,84100.0,Electric,Manual,1801.0,5,2,615451.98,1
KIA,Sonet,2023,1023.0,CNG,Automatic,1248.0,5,2,771404.0,1
Honda,Civic,2016,178573.0,Diesel,Manual,1908.0,4,3,627897.5,8
Mahindra,Thar,2020,5059.0,Petrol,Manual,1146.0,5,3,833685.55,4
Honda,Amaze,2020,179896.0,Electric,Automatic,937.0,5,3,754262.99,4
Mahindra,Scorpio,2015,6493.0,Electric,Automatic,1975.0,5,3,1275035.87,9
Mercedes,GLA,2019,93349.0,CNG,Manual,1775.0,5,1,805247.66,5
Toyota,Yaris,2019,19789.0,Petrol,Manual,2186.0,5,4,858189.22,5
Tata,Harrier,2017,17859.0,Petrol,Automatic,1486.0,5,3,780341.96,7
Honda,Jazz,2022,123264.0,Diesel,Automatic,2352.0,4,3,750994.2,2
Hyundai,Verna,2021,131229.0,Petrol,Manual,1616.0,4,4,709576.17,3
Honda,Civic,2019,21988.0,Electric,Automatic,2154.0,5,4,1110136.01,5
Tata,Nexon,2021,175818.0,Petrol,Automatic,1070.0,7,3,504203.36,3
Mahindra,Bolero,2022,58226.0,Diesel,Manual,1065.0,4,4,881435.14,2
KIA,Seltos,2019,57844.0,Electric,Automatic,2230.0,5,2,969118.53,5
Mercedes,GLC,2016,54018.0,Electric,Automatic,2317.0,5,3,1093916.1,8
Mercedes,GLA,2022,83448.0,Petrol,Automatic,2502.0,5,2,1074273.17,2
Maruti,Baleno,2021,32667.0,Diesel,Manual,1451.0,5,3,947405.31,3
Mahindra,Scorpio,2024,76920.0,CNG,Manual,937.0,5,1,754487.88,0
KIA,Carnival,2014,38428.0,CNG,Automatic,2565.0,5,4,1020273.79,10
Toyota,Innova,2018,10014.0,Electric,Automatic,1736.0,5,1,970118.26,6
Maruti,Baleno,2024,66877.0,Electric,Manual,1320.0,4,3,542201.16,0
Honda,Jazz,2019,121269.0,Electric,Automatic,2198.0,7,1,976252.66,5
Ford,Endeavour,2024,137545.0,Petrol,Automatic,2436.0,4,1,746173.36,0
KIA,EV6,2013,64118.0,Petrol,Manual,1384.0,5,4,826182.43,11
Ford,Endeavour,2013,58815.0,CNG,Automatic,2208.0,4,4,931470.93,11
Mahindra,Bolero,2022,141913.0,Petrol,Manual,2238.0,5,1,786008.42,2
Mercedes,C Class,2017,122868.0,Diesel,Manual,1736.0,4,1,1058195.03,7
Ford,Endeavour,2019,149915.0,Petrol,Manual,1975.0,5,4,648072.21,5
BMW,X5,2018,163173.0,Electric,Manual,1358.0,5,4,916534.09,6
Hyundai,Elantra,2017,147964.0,Petrol,Manual,2479.0,5,1,948729.26,7
Mahindra,Bolero,2024,168618.0,Petrol,Manual,2571.0,5,3,629512.45,0
Maruti,Swift,2014,75466.0,Petrol,Automatic,2567.0,5,2,1088134.3,10
Tata,Altroz,2022,71525.0,Petrol,Manual,2153.0,5,3,629610.32,2
KIA,Sonet,2023,58420.0,CNG,Automatic,971.0,5,2,1061549.27,1
Mahindra,Thar,2020,42951.0,Diesel,Manual,1522.0,5,1,1014171.37,4
Maruti,Baleno,2017,134988.0,Electric,Automatic,1656.0,4,2,895376.23,7
Ford,Figo,2014,128829.0,Diesel,Automatic,2531.0,5,3,986571.44,10
Mercedes,C Class,2021,144408.0,CNG,Automatic,1829.0,7,4,905602.88,3
Honda,Jazz,2018,30796.0,CNG,Manual,1811.0,4,1,960497.87,6
BMW,X5,2014,88833.0,CNG,Manual,1149.0,5,4,700840.56,10
Tata,Nexon,2017,40575.0,Electric,Manual,2249.0,7,3,1074972.33,7
Mercedes,E Class,2024,160831.0,Petrol,Manual,1471.0,7,4,597728.51,0
Honda,Civic,2016,48720.0,CNG,Manual,1056.0,5,4,756027.96,8
Maruti,Baleno,2015,26588.0,Electric,Automatic,2579.0,5,1,1062853.74,9
Tata,Safari,2021,102919.0,Electric,Manual,1223.0,5,1,825368.98,3
KIA,Seltos,2015,158329.0,CNG,Manual,927.0,5,4,561369.11,9
Ford,Figo,2024,164899.0,CNG,Manual,1736.0,4,1,505957.07,0
Mercedes,C Class,2023,18020.0,Electric,Automatic,1669.0,4,1,1153790.09,1
Hyundai,Creta,2024,59200.0,CNG,Automatic,1074.0,5,2,967761.15,0
Ford,Endeavour,2023,28311.0,Electric,Automatic,2332.0,5,4,1140703.63,1
Ford,Endeavour,2015,55969.0,Petrol,Manual,1771.0,5,4,869846.99,9
Ford,EcoSport,2015,96464.0,Diesel,Manual,1450.0,5,3,845872.79,9
Tata,Altroz,2017,51078.0,Petrol,Automatic,905.0,5,1,892224.73,7
Mahindra,Scorpio,2018,12899.0,Petrol,Automatic,1715.0,5,2,1195647.37,6
KIA,Seltos,2023,92197.0,Diesel,Manual,1157.0,5,3,718077.61,1
KIA,Sonet,2021,10263.0,Petrol,Manual,2562.0,5,1,1010516.25,3
Tata,Nexon,2020,41423.0,Diesel,Manual,1394.0,5,3,884181.96,4
Honda,Civic,2023,892.0,Diesel,Automatic,1707.0,5,1,983832.48,1
KIA,EV6,2020,16358.0,CNG,Manual,931.0,5,2,852362.65,4
Toyota,Corolla,2017,78987.0,Electric,Automatic,1122.0,5,1,875215.43,7
Mercedes,GLA,2017,84100.0,Electric,Automatic,1252.0,5,3,1014392.53,7
Hyundai,Venue,2019,139612.0,Diesel,Automatic,987.0,7,4,944661.42,5
BMW,3 Series,2014,18510.0,Diesel,Automatic,2134.0,5,1,1380962.28,10
Honda,City,2021,7043.0,Electric,Manual,2507.0,7,4,1097769.53,3
Honda,Civic,2020,61385.0,Petrol,Automatic,2575.0,5,3,848982.81,4
KIA,Seltos,2021,117684.0,CNG,Manual,1351.0,7,4,629742.99,3
BMW,X5,2019,134614.0,Diesel,Manual,2240.0,5,4,753010.41,5
BMW,X5,2022,148304.0,Petrol,Manual,1756.0,5,1,787133.9,2
Tata,Safari,2024,62123.0,CNG,Manual,977.0,5,3,628412.63,0
Honda,Amaze,2019,30905.0,Diesel,Manual,1054.0,5,3,873504.86,5
Tata,Altroz,2018,5521.0,Petrol,Manual,1831.0,5,1,833629.51,6
Tata,Altroz,2014,27117.0,CNG,Manual,1620.0,5,2,753936.78,10
Hyundai,Venue,2022,12476.0,Petrol,Manual,914.0,4,4,706508.45,2
Honda,Amaze,2023,155055.0,CNG,Manual,2481.0,5,3,586586.73,1
Honda,Jazz,2021,48899.0,Petrol,Manual,2141.0,5,2,1046487.31,3
Ford,Endeavour,2023,148303.0,Diesel,Automatic,1754.0,5,2,857145.84,1
Hyundai,Verna,2023,99926.0,Electric,Manual,2577.0,5,4,656229.53,1
Honda,City,2022,97378.0,Petrol,Manual,2550.0,5,2,905866.43,2
Mercedes,GLA,2019,82298.0,Electric,Manual,2555.0,5,1,1188664.64,5
Honda,Civic,2014,147600.0,CNG,Manual,1340.0,5,3,515943.0,10
Hyundai,Verna,2013,84100.0,Electric,Automatic,2397.0,5,4,1214092.05,11
Toyota,Corolla,2015,17421.0,Petrol,Automatic,1757.0,5,1,1217874.22,9
Mahindra,Thar,2018,76671.0,CNG,Automatic,2134.0,5,2,978901.22,6
Toyota,Fortuner,2021,71491.0,Electric,Automatic,2361.0,5,2,874352.65,3
Honda,Jazz,2018,98570.0,Electric,Manual,1177.0,5,1,942275.79,6
Honda,Jazz,2013,133013.0,Petrol,Automatic,1736.0,5,3,679611.55,11
KIA,Sonet,2015,106088.0,Electric,Manual,1119.0,5,2,929532.6,9
Toyota,Fortuner,2024,46935.0,Petrol,Automatic,1375.0,5,1,985558.11,0
Mercedes,GLA,2024,59450.0,CNG,Manual,1602.0,5,2,814755.48,0
Hyundai,Elantra,2017,135617.0,Diesel,Automatic,2354.0,5,4,843455.02,7
Hyundai,Verna,2022,36903.0,CNG,Manual,2366.0,5,4,871745.76,2
Maruti,Vitara,2021,84100.0,CNG,Automatic,1562.0,5,3,760571.26,3
KIA,Sonet,2024,97351.0,Petrol,Manual,1459.0,7,2,859916.77,0
BMW,X1,2023,135247.0,CNG,Automatic,1802.0,5,4,794356.22,1
KIA,Sonet,2020,128812.0,Electric,Automatic,2450.0,5,1,1104212.13,4
BMW,X5,2017,84070.0,Diesel,Automatic,2560.0,5,3,1163435.77,7
Tata,Harrier,2020,56202.0,Diesel,Manual,1285.0,5,3,787408.98,4
Hyundai,Verna,2016,66728.0,Electric,Manual,1217.0,7,3,980880.41,8
Mahindra,Scorpio,2017,74556.0,Petrol,Automatic,2101.0,5,1,1038000.83,7
KIA,EV6,2020,40078.0,Electric,Manual,1412.0,5,3,800406.45,4
Mahindra,XUV700,2019,112873.0,CNG,Manual,1239.0,4,3,595995.56,5
KIA,Sonet,2019,38141.0,Diesel,Manual,952.0,5,4,845324.9,5
Hyundai,Verna,2017,117042.0,Electric,Manual,1585.0,5,1,976230.09,7
Toyota,Fortuner,2017,135467.0,Diesel,Manual,1566.0,5,3,869962.53,7
Mercedes,GLC,2013,173161.0,Electric,Manual,1857.0,5,4,901683.45,11
Honda,Amaze,2020,22108.0,Petrol,Automatic,1240.0,5,2,1047718.47,4
KIA,Carnival,2019,136943.0,CNG,Automatic,2114.0,5,3,863911.01,5
Ford,EcoSport,2024,16208.0,CNG,Manual,2056.0,5,1,800075.39,0
Ford,EcoSport,2019,61234.0,Petrol,Manual,1685.0,5,3,867975.92,5
Ford,Figo,2018,32391.0,Petrol,Manual,1208.0,4,3,836218.68,6
Maruti,Vitara,2013,29881.0,CNG,Automatic,1761.0,5,1,1127061.43,11
Hyundai,Elantra,2015,32222.0,CNG,Manual,2047.0,5,1,1070811.3,9
Tata,Altroz,2017,8673.0,CNG,Automatic,1533.0,5,3,784560.06,7
Mercedes,GLA,2017,148300.0,Petrol,Automatic,1347.0,5,1,969682.22,7
Ford,Figo,2017,11754.0,CNG,Automatic,1761.0,5,2,1132027.89,7
Toyota,Innova,2017,72212.0,Electric,Manual,1503.0,5,1,954372.61,7
Toyota,Innova,2022,126089.0,Electric,Automatic,1580.0,5,4,723234.15,2
BMW,5 Series,2014,178277.0,Diesel,Automatic,1493.0,5,3,972345.5,10
Tata,Harrier,2016,153784.0,Diesel,Automatic,1415.0,5,4,618717.74,8
Hyundai,Creta,2014,25388.0,Electric,Automatic,2118.0,5,1,1328755.32,10
KIA,Sonet,2016,177802.0,Diesel,Automatic,1682.0,5,1,773021.24,8
Honda,City,2021,117914.0,Diesel,Manual,1693.0,5,3,650563.63,3
Toyota,Corolla,2013,32978.0,CNG,Automatic,2010.0,5,3,1093004.67,11
KIA,EV6,2017,81212.0,Petrol,Automatic,1514.0,5,4,942196.47,7
Honda,Amaze,2013,165284.0,Electric,Manual,1071.0,5,4,718990.8,11
Toyota,Fortuner,2024,71210.0,Electric,Manual,2349.0,5,4,828198.49,0
Mercedes,E Class,2021,33707.0,CNG,Automatic,994.0,5,1,989589.1,3
Tata,Harrier,2015,157615.0,CNG,Manual,1872.0,5,2,634385.07,9
Maruti,Swift,2015,171573.0,CNG,Manual,1351.0,5,4,568587.27,9
Toyota,Corolla,2014,175626.0,Electric,Automatic,1263.0,5,3,769875.1,10
KIA,Carnival,2018,172063.0,Electric,Automatic,971.0,5,4,782321.88,6
KIA,Seltos,2022,157216.0,Diesel,Automatic,2430.0,5,3,770557.06,2
KIA,Sonet,2020,82244.0,Diesel,Manual,1629.0,7,1,772851.5,4
Tata,Harrier,2023,35260.0,CNG,Manual,1482.0,5,2,605200.98,1
Ford,EcoSport,2017,111394.0,Petrol,Automatic,2160.0,5,4,972429.38,7
Tata,Altroz,2016,40366.0,Electric,Automatic,966.0,7,3,1011096.3,8
BMW,X1,2018,85589.0,Electric,Manual,1859.0,5,1,959061.85,6
KIA,Carnival,2015,118368.0,CNG,Manual,1736.0,5,1,703005.71,9
Hyundai,Verna,2024,170427.0,Diesel,Manual,1840.0,5,4,581336.65,0
Mahindra,Thar,2015,52603.0,Diesel,Automatic,1110.0,4,4,1145871.39,9
Maruti,Vitara,2018,45942.0,Electric,Manual,2519.0,5,4,834041.17,6
Maruti,Brezza,2019,132462.0,CNG,Automatic,1305.0,5,1,807973.36,5
